id_atendimento,id_paciente,data_hora_atendimento,tipo_atendimento,id_unidade,status,valor_bruto,desconto,valor_liquido
ATD_2001,PAC_002,2024-03-11 11:14:00,Exame Diagnóstico,UND_SP_CENTRO,Concluído,95.0,0.0,95.0
ATD_2002,PAC_007,2024-01-08 09:13:00,Exame Diagnóstico,UND_SP_CENTRO,Concluído,95.0,4.75,90.25
ATD_2003,PAC_009,2024-02-26 15:37:00,Exame Diagnóstico,UND_BH_SAVASSI,Concluído,850.0,127.5,722.5
ATD_2004,PAC_005,2024-02-25 20:21:00,Exame Diagnóstico,UND_SP_SUL,Concluído,690.0,69.0,621.0
ATD_2005,PAC_009,2024-04-06 09:35:00,Exame Diagnóstico,UND_SP_CENTRO,Concluído,640.0,0.0,640.0
ATD_2006,PAC_005,2024-02-29 09:24:00,Exame Diagnóstico,UND_SP_CENTRO,Concluído,1295.0,64.75,1230.25
ATD_2007,PAC_002,2024-06-11 10:34:00,Consulta Eletiva,UND_CTBA_BATEL,Concluído,630.0,63.0,567.0
ATD_2008,PAC_009,2024-06-24 13:53:00,Exame Diagnóstico,UND_SP_SUL,Concluído,550.0,0.0,550.0
ATD_2009,PAC_006,2024-03-09 09:13:00,Exame Diagnóstico,UND_BH_SAVASSI,Cancelado,1180.0,0.0,1180.0
ATD_2010,PAC_005,2024-03-04 19:35:00,Exame Diagnóstico,UND_SP_SUL,Concluído,720.0,36.0,684.0
ATD_2011,PAC_001,2024-02-09 18:10:00,Exame Diagnóstico,UND_SP_CENTRO,Concluído,920.0,138.0,782.0
ATD_2012,PAC_001,2024-06-23 16:48:00,Exame Diagnóstico,UND_SP_CENTRO,Concluído,525.0,26.25,498.75
ATD_2013,PAC_005,2024-02-15 16:58:00,Exame Diagnóstico,UND_CTBA_BATEL,Concluído,1495.0,149.5,1345.5
ATD_2014,PAC_009,2024-06-02 13:31:00,Exame Diagnóstico,UND_SP_CENTRO,Concluído,815.0,40.75,774.25
ATD_2015,PAC_008,2024-05-16 20:08:00,Exame Diagnóstico,UND_SP_CENTRO,Concluído,1515.0,227.25,1287.75
ATD_2016,PAC_004,2024-04-12 18:41:00,Exame Diagnóstico,UND_RJ_BARRA,Concluído,715.0,71.5,643.5
ATD_2017,PAC_010,2024-01-02 09:45:00,Exame Diagnóstico,UND_SP_SUL,Concluído,70.0,7.0,63.0
ATD_2018,PAC_004,2024-06-20 15:13:00,Exame Diagnóstico,UND_RJ_BARRA,Concluído,1205.0,0.0,1205.0
ATD_2019,PAC_007,2024-04-29 19:03:00,Exame Diagnóstico,UND_BH_SAVASSI,Concluído,45.0,6.75,38.25
ATD_2020,PAC_006,2024-03-04 11:12:00,Consulta Pronto Atendimento,UND_SP_CENTRO,Concluído,1130.0,113.0,1017.0
ATD_2021,PAC_002,2024-05-20 09:03:00,Exame Diagnóstico,UND_BH_SAVASSI,Concluído,25.0,1.25,23.75
ATD_2022,PAC_007,2024-05-03 11:55:00,Exame Diagnóstico,UND_BH_SAVASSI,Concluído,850.0,127.5,722.5
ATD_2023,PAC_007,2024-04-26 12:27:00,Exame Diagnóstico,UND_RJ_BARRA,Concluído,1645.0,0.0,1645.0
ATD_2024,PAC_006,2024-01-13 17:30:00,Exame Diagnóstico,UND_SP_CENTRO,Concluído,140.0,0.0,140.0
ATD_2025,PAC_002,2024-01-18 18:55:00,Exame Diagnóstico,UND_CTBA_BATEL,Concluído,65.0,3.25,61.75
ATD_2026,PAC_010,2024-06-07 09:26:00,Exame Diagnóstico,UND_SP_CENTRO,Concluído,1120.0,56.0,1064.0
ATD_2027,PAC_005,2024-03-21 20:59:00,Exame Diagnóstico,UND_BH_SAVASSI,Concluído,405.0,20.25,384.75
ATD_2028,PAC_002,2024-04-04 12:10:00,Exame Diagnóstico,UND_SP_SUL,Concluído,205.0,20.5,184.5
ATD_2029,PAC_005,2024-01-28 19:35:00,Exame Diagnóstico,UND_SP_CENTRO,Concluído,965.0,48.25,916.75
ATD_2030,PAC_005,2024-05-05 12:57:00,Exame Diagnóstico,UND_CTBA_BATEL,Cancelado,25.0,0.0,25.0
ATD_2031,PAC_007,2024-01-12 08:21:00,Exame Diagnóstico,UND_RJ_BARRA,Concluído,1480.0,0.0,1480.0
ATD_2032,PAC_003,2024-01-10 13:37:00,Exame Diagnóstico,UND_CTBA_BATEL,Concluído,1180.0,0.0,1180.0
ATD_2033,PAC_002,2024-05-23 14:39:00,Exame Diagnóstico,UND_RJ_BARRA,Concluído,915.0,137.25,777.75
ATD_2034,PAC_006,2024-06-20 19:51:00,Exame Diagnóstico,UND_BH_SAVASSI,Concluído,305.0,0.0,305.0
ATD_2035,PAC_004,2024-04-27 13:19:00,Exame Diagnóstico,UND_SP_SUL,Concluído,595.0,29.75,565.25
ATD_2036,PAC_005,2024-03-12 13:41:00,Exame Diagnóstico,UND_SP_CENTRO,Concluído,290.0,14.5,275.5
ATD_2037,PAC_002,2024-04-21 13:46:00,Exame Diagnóstico,UND_CTBA_BATEL,Concluído,735.0,36.75,698.25
ATD_2038,PAC_001,2024-05-17 18:46:00,Consulta Eletiva,UND_CTBA_BATEL,Cancelado,630.0,0.0,630.0
ATD_2039,PAC_006,2024-03-21 18:54:00,Exame Diagnóstico,UND_CTBA_BATEL,Concluído,595.0,59.5,535.5
ATD_2040,PAC_009,2024-02-19 14:42:00,Exame Diagnóstico,UND_SP_SUL,Cancelado,285.0,0.0,285.0
ATD_2041,PAC_001,2024-03-14 11:27:00,Consulta Eletiva,UND_RJ_BARRA,Concluído,510.0,25.5,484.5
ATD_2042,PAC_003,2024-03-13 16:42:00,Exame Diagnóstico,UND_SP_CENTRO,Concluído,795.0,39.75,755.25
ATD_2043,PAC_001,2024-03-03 15:39:00,Consulta Eletiva,UND_SP_CENTRO,Concluído,350.0,52.5,297.5
ATD_2044,PAC_010,2024-06-27 14:31:00,Exame Diagnóstico,UND_SP_SUL,Concluído,70.0,10.5,59.5
ATD_2045,PAC_009,2024-01-13 16:15:00,Consulta Eletiva,UND_BH_SAVASSI,Cancelado,350.0,0.0,350.0
ATD_2046,PAC_008,2024-05-23 17:20:00,Exame Diagnóstico,UND_CTBA_BATEL,Em Andamento,790.0,118.5,671.5
ATD_2047,PAC_008,2024-03-04 18:17:00,Exame Diagnóstico,UND_RJ_BARRA,Concluído,1165.0,116.5,1048.5
ATD_2048,PAC_009,2024-02-05 10:14:00,Exame Diagnóstico,UND_SP_CENTRO,Concluído,575.0,86.25,488.75
ATD_2049,PAC_009,2024-04-16 08:13:00,Exame Diagnóstico,UND_BH_SAVASSI,Concluído,940.0,0.0,940.0
ATD_2050,PAC_007,2024-05-19 20:38:00,Exame Diagnóstico,UND_CTBA_BATEL,Cancelado,1115.0,0.0,1115.0
ATD_2051,PAC_007,2024-04-29 10:39:00,Exame Diagnóstico,UND_SP_SUL,Concluído,485.0,72.75,412.25
ATD_2052,PAC_001,2024-04-07 13:13:00,Consulta Pronto Atendimento,UND_RJ_BARRA,Concluído,565.0,56.5,508.5
ATD_2053,PAC_001,2024-01-14 13:14:00,Exame Diagnóstico,UND_CTBA_BATEL,Concluído,45.0,2.25,42.75
ATD_2054,PAC_001,2024-02-09 11:08:00,Exame Diagnóstico,UND_CTBA_BATEL,Concluído,65.0,3.25,61.75
ATD_2055,PAC_005,2024-02-12 17:38:00,Exame Diagnóstico,UND_RJ_BARRA,Em Andamento,850.0,85.0,765.0
ATD_2056,PAC_010,2024-03-20 17:43:00,Consulta Pronto Atendimento,UND_SP_CENTRO,Cancelado,1075.0,0.0,1075.0
ATD_2057,PAC_002,2024-06-24 17:51:00,Consulta Eletiva,UND_RJ_BARRA,Concluído,350.0,52.5,297.5
ATD_2058,PAC_006,2024-05-09 18:21:00,Consulta Eletiva,UND_SP_CENTRO,Concluído,1505.0,225.75,1279.25
ATD_2059,PAC_009,2024-06-06 20:58:00,Consulta Eletiva,UND_RJ_BARRA,Concluído,1700.0,85.0,1615.0
ATD_2060,PAC_004,2024-05-25 17:42:00,Consulta Eletiva,UND_BH_SAVASSI,Concluído,350.0,35.0,315.0
